{"main":"api.raml","name":"beep-public-exp-api","classifier":"raml","tags":[],"dependencies":[{"groupId":"bb5e7eaa-e905-4239-ad2b-0fa7f5237fbe","assetId":"datatype-common-successmsg","version":"1.0.0"},{"groupId":"bb5e7eaa-e905-4239-ad2b-0fa7f5237fbe","assetId":"datatype-common-errormsg","version":"1.0.0"},{"groupId":"bb5e7eaa-e905-4239-ad2b-0fa7f5237fbe","assetId":"datatype-beep-user","version":"1.0.12"},{"groupId":"bb5e7eaa-e905-4239-ad2b-0fa7f5237fbe","assetId":"datatype-am-securityquestionobj","version":"1.0.0"},{"groupId":"bb5e7eaa-e905-4239-ad2b-0fa7f5237fbe","assetId":"datatype-beep-successmessage","version":"1.0.1"},{"groupId":"bb5e7eaa-e905-4239-ad2b-0fa7f5237fbe","assetId":"trait-auditable","version":"1.0.9"},{"groupId":"bb5e7eaa-e905-4239-ad2b-0fa7f5237fbe","assetId":"trait-customerapi","version":"1.0.2"},{"groupId":"bb5e7eaa-e905-4239-ad2b-0fa7f5237fbe","assetId":"oauth20-security-scheme","version":"1.0.0"}],"groupId":"bb5e7eaa-e905-4239-ad2b-0fa7f5237fbe","backwardsCompatible":false,"assetId":"beep-public-exp-api","version":"1.0.4","apiVersion":"2.0","metadata":{"projectId":"2b52b427-867d-4b0a-bee5-78b964aa5a9f","branchId":"master","commitId":"ad6628d677154f486e34879e61717977214a20fb"}}